,Title
0,"When an ordinary housewife committed a heinous act, no one predicted the jawdropping twist that came"
1,"Idaho Murders: Bryan Kohberger Arraignment ""Stands Silent"" Not Guilty Plea |  Really Pappa Rodgers?"
2,Woman Exploits Son‚Äôs Grief to Make Money?
3,Arizona Esthetician Brutally Murdered During Hike | What Really Happened to Lauren Heike?
4,Husband Found Dead With Lethal Drugs in System
5,The Case of Kouri Richins
6,Wife Tries to Poison Husband?
7,Adrian Jones: The Untold Story of the Boy Who Was Tormented & Fed to Pigs
8,Idaho Murders: Bryan Kohberger Indicted By Secret Grand Jury EXPLAINED & More | Ft. Lawyer You Know
9,Bryan Kohberger Updates | Idaho Murders + True Crime Headlines With Emily D. Baker
10,12 Year Old Arrested for Murder?
11,"Podcast ExclusiveüéôÔ∏èJoin Emily and I as we discuss all things Murdaugh, Kohberger, and so much more."
12,Where is Madalina Cojocari? | Little Girl Vanishes and Parents Point The Finger At Each Other
13,Horrible Teenager Murders
14,üö®Podcast Exclusive: @TheEmilyDBaker and I as we dig deeper into the Idaho Case!
15,Triple Homicide in Florida
16,6 Year Old Child Murdered By Deranged Woman
17,HER DARK PAST EXPOSED! Kouri Richins Writes Grief Book After Husband's Death But She Murdered Him?
18,The Murder of Bella Fontenelle
19,Horror in Oklahoma: 7 Bodies Found at Jesse McFadden's House of Terror | Henryetta Oklahoma Teens
20,Women Murders 6 Year Old Child?
21,TEEN KILLERS: What happened to Ben Eastman? | Benny Marquez Family‚Äôs Shocking Involvement
22,Only Fans Model to Murderer? The Shocking Bloodbath Inside Courtney Clenney‚Äôs Luxury Apartment
23,"Lori Vallow Trial Recap | Cringe Texts, Bombshell DNA Evidence & Lies with Chad Daybell Exposed!"
24,Letecia Stauch Verdict: New Concerns and People Now Believe She is Insane? | Gannon Stauch Case
25,Catching up with Brian Entin after court today for Lori Vallow‚Äôs trial.
26,Dentist Accused of Poisoning Wife for Mistress?! | James Craig & Angela Craig Colorado
27,HEINOUS & VILE: Bella Fontenelle | Woman Murders Little Girl and Puts Her in A Bucket on Mom's Porch
28,Shocking Truth About Cults + Crime Headlines with Cult Expert Mike King | SERIALously w/ Annie Elise
29,Mike King joins me on SERIALously to discuss all things cult and crime related! Podcast ep out now.
30,"Letecia Stauch Wk 4 Trial Recap: Letecia Confesses, New Lies &  ""Identity"" Maria |Gannon Stauch Case"
31,WARNING! BARBARIC NEW DETAILS: Lori Vallow Trial Week 3 Recap | Explosive New Phone Calls & Details
32,PURE EVIL & DISGUSTING: The Horrifying True Story of Nubia Barahona
33,DISTURBING & COLD-BLOODED: 3 Teens Found Murdered in Triple Homicide Plot in Florida
34,Ep 4: Are They Serious? Heather McDonald from Juicy Scoop Joins To Discuss Latest Jaw-Dropping Cases
35,SHE‚ÄôS UNHINGED! Lori Vallow Wk 2 Trial: Colby Calls Her Out & More Lies | Lori Vallow & Chad Daybell
36,"Letecia Stauch Week 3 Trial Recap: Her New INSANE Story, Harley Exposes More Lies, & Key Takeaways"
37,PREMEDITATED? A Horrific Murder. Was it Self Defense or Planned? What's the Truth? | Nikki Addimando
38,Summer Wells Updates| Missing 5-year-old in Tennessee. Vanished Without A Trace. What's the Truth?
39,"Ep 3: Lori Vallow & Chad Daybell: Part 2. ‚ÄúThe Devil At Work"" | SERIALously with Annie Elise"
40,GRAPHIC! Lori Vallow Wk 1 Trial Recap: Creepy Texts & Audio & More Lies | Lori Vallow & Chad Daybell
41,"Letecia Stauch Wk 2 Trial Recap: INSANE Audio/Video, Polygraph, & Key Takeaways | Gannon Stauch Case"
42,"Letecia Stauch Week 2 Trial Recap: INSANE Audio, The Polygraph, & Key Takeaways | Gannon Stauch Case"
43,Dylan Rounds Update | James Brenner Wants a Deal? | Plus New Disturbing Details
44,Father Fed Toddler Son To Alligators & Murders His Mom?! What Happened To Taylen Mosley?
45,"The clues and conspiracies are waiting for you, my fellow detectives!"
46,"Ep 2: Lori Vallow Trial: Part 1. ‚ÄúFalling in Love With a Cult Leader"" | SERIALously with Annie Elise"
47,"SERIALously Ep 2: ""Falling in Love With a Cult Leader"" | Part 1: Lori Vallow & Chad Daybell"
48,"Letecia Stauch Trial Recap: The Major Bombshells, Highlights and Key Takeaways | Gannon Stauch Case"
49,This case absolutely infuriates me! I apologize in advance for getting so heated in this video.
50,VILE! Teen Boy Repeatedly Violates Young Girls & Gets Away With It?!| Bowen Turner & Dallas Stoller
51,Father Violates Daughter and Murdered His Son? What Really Happened? Grant and Gracie Solomon Case
52,Ep 1: He Went To Wendy's After! Philip Chism & Colleen Ritzer | SERIALously?! with Annie Elise
53,"Worse Than Casey Anthony? Letecia Stauch EVERY Red Flag, Lie, &The REAL Story | Gannon Stauch Case"
54,REVOLTING! Toddler is Murdered and Thrown into A Storm Drain To Cover it Up | Maliyah Bass Case
55,NO REMORSE! Aiden Fucci Sentenced to LIFE For Stabbing 13 YrOld Tristyn Bailey 114 Times. Out in 25?
56,Orrin and Orson West | The Trial Starts! Everything We Know | Trezell and Jacqueline West
57,DERANGED! She Idolized Serial Killers and Became A Murderer! Shaye Groves & Frankie Fitzgerald
58,HAUNTING New Updates In The Case of Dismembered Socialite Abby Choi Who Was Murdered By Family
59,SCORNED! Ex-Wife Planned Microsoft Executive Murder? New Arrests and Details | Jared Bridegan Case
60,ABSOLUTELY BARBARIC! A True MONSTER! Torment and Suffering By His Own Mother | Anthony Avalos Case
61,"Idaho Murders Updates | New Interviews. Weird DoorDash, Reddit & Tinder Warrants. | Bryan Kohberger"
62,"12 Year Old Goes On Massive Murder Spree w/ Her 23 Year Old ""Werewolf"" Boyfriend |Jasmine Richardson"
63,"UNHINGED!! Mom Murders Her Daughters for ""Getting In The Way"" of Her Sex Life | Louise Porton"
64,The TRAGIC Story of Eli Hart: Mom Shoots 6 Yr Old 9 Times - Is She Innocent? | Julissa Thaler
65,"""I'm NOT a Monster!!!"": Stabbed Over 70x And Dismembered | Sierra Halseth and Daniel Halseth"
66,"The Dark Side of Social Media: Isabella Guzman, the Young Murderer Who Became TikTok Famous"
67,DISGUSTING! His 9 Year Old Wife! FLDS Cult Raided & Exposed | Samuel Bateman Arrested.Warren Jeffs
68,Dylan Rounds Update | James Brenner Arrested for Murder | Plus New Disturbing Details
69,FOUL & SICKENING: The Horrific Details of What Happened to Zaria Burgess |  The Zaria Burgess Case
70,"""SERIALously?!"" with Annie Elise | Trailer | New Podcast Premiering 4.3.23"
71,Famous Influencer Found Dismembered by Her Own Family?! | Hong Kong Model Abby Choi
72,"Idaho Murders | New Details, Items Taken, Strange Note Found & No Conflict? Bryan Kohberger Updates"
73,Lindsay Clancy Case | New Note Discovered | Was This Premeditated Murder or Psychosis?
74,"Polish Woman Claims To Be Madeline McCann. Is She Madeline McCann?! Begs For DNA Test, Then Refuses?"
75,Idaho Murders Documentary | The Idaho 4 Murders & Bryan Kohberger | Behind Sliding Glass
76,"""Through Sliding Glass"" Trailer | Idaho Murders: The Full Story of the Idaho 4 & Bryan Kohberger"
77,Atlanta Couple Arrested After Adopting Two Brothers | The Zulock Family
78,HORRIFYING & SICK: A Deadly Bloodbath & Kidnapping at an AirBnB on the North Shore | Telma Boinville
79,UNREAL: She Thought She Found Her Prince Charming‚ÄîWhat Happened Next is Chilling | Erin Caffey Case
80,Held Captive  & Tortured for 18 Hours | The Kara Robinson Case | Girl Who Escaped
81,Madison Brooks LSU Student Taken Advantage of By 4 Men & Then Killed? What Is The Truth?!
82,Microsoft Executive MURDERED. Jared Bridegan and the INSANE Plot to Kill Him | Jared Bridegan Case
83,The UNREAL & SUSPICIOUS Disappearance of Oakley Carlson | Case Updates | Parents Involved?
84,Bryan Kohberger fired from WSU. Were altercations the catalyst that drove him to allegedly murder?
85,Jodi Arias Is Back! The Diabolical Blonde Is Up To Old Tricks & New Lies! Jodi Arias Bad Behind Bars
86,Idaho Murders Breaking News
87,Mother of 3 Allegedly Killed Her Children - What Caused This Tragedy? | Lindsay Clancy Case
88,The Terrifying Truth of BTK | Bryan Kohberger BTK Connection? | Dennis Rader Confession
89,"Idaho Murders | New Details , Conflict of Interest with 3 Parents, Bryan Kohberger Updates"
90,Utah Family Murdered in Enoch: Mormon Father Kills Family. What Really Happened? | The Haight Family
91,EXPOSING Brian Walshe's Deep Secret Past + His INSANE Google Searches! | Ana Walshe Case Update
92,Betrayed By His Best Friend? The Mysterious Details of Brian Shaffer Disappearance
93,The King Incel Part 2. Full video now up on YT
94,The King Incel Part 1. Full video now on YT
95,DISTURBING: Elliot Rodger | Murders & His Delusional Manifesto. Similarities to Bryan Kohberger?
96,Idaho Murders | New Updates and Bryan Kohberger's Instagram DMs  & Love Letters to Old Classmate
97,SUPER SUSPISH! 4 Year Old VANISHES. Adults Not Speaking or Helping Search | Athena Brownfield Update
98,COMPLETELY DERANGED: The Teen Killer Who SAVAGELY Documented Murder | Alyssa Bustamante Case
99,Idaho Murders | Is Bryan Kohberger Pappa Rodger? | New Details & Horrifying Updates + 3D Animation
100,What happened to Ana Walshe? Was Her Husband Brian Walshe Involved? | Full Story & Updates
101,"Idaho Murders: Bryan Kohberger‚Äôs New Statements, Case Updates & His Criminal Profile"
102,"WARNING! The Horror Reunion: Katie Pladl and Steven Pladl | A Case of Marriage, Babies & Murder |"
103,Idaho Murders: Bryan Kohberger Ditched The Knife? | Arrest Affidavit Highlights
104,Bryan Kohberger Affidavit Idaho Murders: Roommate Saw Him & Heard Crying. Stalked Them for 3 Months!
105,Chris Watts 2.0? | SAVAGE & TWISTED! Michael Jones Jr.: Family Annihilator or Psychiatric Break?
106,"Idaho Murders: Bryan Kohberger Back in Idaho | New Details, The Arrest Warrant, & Horrifying Updates"
107,COMPLETELY DERANGED: The TERRIFYING True Story of Darlie Routier and Her House of Horrors in Texas
108,Idaho Murders: Suspect Bryan Kohberger Arrested for the Brutal Stabbings. Everything We Know So Far
109,Time to CELEBRATE! Details in description!
110,"Idaho 4: Leaked Footage, New Statements & Details In The Case | 4 Students Murdered in Idaho"
111,LUST & BETRAYAL: A Playboy Model &  A Sugar Daddy's Nightmare | Kelsey Turner
112,FOUL & DISGUSTING: Her Own Father? Motel Room Horror is Caught on Camera. | Daizsa Bausby
113,"House Party Horror: Drinking, Fighting, Jealousy & Murder | Livye Lewis & Matthew Edgar"
114,Madalina Cojocari: Didn't Report As Missing For 3 Weeks!
115,The UNEXPECTED Interrogation: Did She Get Denied A Lawyer?! | Only Fans Model Courtney Clenney
116,"Disturbing & WICKED: Horrifying Story of ""Voodoo"" Ritual | Latarsha Sanders"
117,Secrets In The Basement: Secret Journal Exposes Everything!! | Kierra Jackson
118,"Marriage, Mistress, and Murder: Secret Recording Devices, Spy Tools and Stalking His Every Move"
119,Night Out Drinking With Her Friend Turns Into A Scene From Hannibal | Allison Weaver
120,"Idaho 4: New Footage, Latest Updates, & Details In The Case | 4 Students Murdered in Idaho"
121,"Jealous Love Triangle Take A Deadly Turn | Rachel Wade, Sarah Ludemann, Josh Camacho"
122,Complete OVERKILL and Absolutely Barbaric! A Thanksgiving Nightmare | Jasmine Pace & Jason Chen
123,Athena Strand: Abducted & Dumped By FedEx Driver. All The Details + His Two Confessions
124,Complete MONSTER Brutally Attacks Gorgeous 21 Year Old Girl | Reagan Tokes and Brian Golsby
125,DERANGED & DISGUSTING: Sex Cult Preys on Tinder To Abduct And Viciously Murder
126,Horrific Murder Becomes Their Sexual Fantasy | Couples Who Kill
127,She Told Inmates Every BARBARIC Detail! New Updates in Taylor Parker Case in Texas | Reagan Hancock
128,"Casey Anthony Documentary |  Footage, Inconsistencies & Half Truths. What REALLY Happened To Caylee?"
129,Still NO ARREST: Shanquella Robinson: Beaten To Death By Friends On Luxury Vacation in Mexico
130,"Latest Updates, Lies & Details In The Case| 4 Students Brutally Murdered in Moscow, Idaho"
131,"Jared Leisek Charged With Child Sex Crimes | The Confession, His Childhood and The Future of AWP"
132,EXPLOSIVE New Video & Audio: Only Fans Model Courtney Clenney Update & New Evidence
133,Quinton Simon‚Äôs Mother Leilani Simon Arrested & Charged With Murder | Everything We Know
134,"Idaho Press Conference on 4 Students Murdered In Their House in Moscow, Idaho"
135,Shanquella Robinson: Beaten To Death By Friends On Luxury Vacation in Mexico + Breaking New Updates
136,New Details!! 4 Students Murdered in Idaho | Who Was The Target?
137,Did They Invite Their Killer To The House? | 4 Students Murdered in Idaho After Night Out
138,Debbie Collier Updates & Interviews. Officially Ruled Self Inflicted
139,Debbie Collier's Death Ruled Self Inflicted
140,Missing 5 Year Old Boy: Neighbor Arrested and Charged One Year Later! | Michael Vaughan Update
141,"Pregnant, Abducted & Baby Removed From Her Body. Is There More To The Story?! | Ashley Bush"
142,"A Mother's HORRENDOUS & Haunting Confession: Thinks 5 Year Old Daughter Was ""Evil"" |  Melissa Towne"
143,Daddy's Betrayal: A Hotel Room Turned Horror Scene. What's The Truth?! | Nadia Lee
144,Harmony Montgomery | New Murder Details + Her Father Adam‚Äôs Interrogation
145,This is HUGE! ü´∂üèº ‚ù§Ô∏è Ps. Share this video for an EXTRA entry!!
146,A Stranger or Something More Sinister? The VERY Suspicious Case of Liz Barraza
147,BRUTAL & HEARTLESS: Son and Mom Vanish. Blood & Teeth Found & The Shocking Ending | Tyler Roenz
148,The MYSTERIOUS & TRAGIC Abduction That Resulted in Two People Dead | Leah Croucher
149,Preyed On Wife and Children While Protected By His Powerful Position | Takara Glenn & Greg Hightower
150,Have They Had Evidence This Whole Time Regarding Dylan Rounds?!
151,üö® Delphi Murders Press Conference: Delphi Murders Suspect Arrested
152,The Snapchat Murder: Found His Target and Planned It All Through Snapchat | Dylan Lenz
153,Quinton Simon Update: Did His Dad Do This? Did He Drown? New Interviews & Details
154,Four Men Murdered in Okmulgee Oklahoma | Who Did They Meet That Night?
155,"Blood, Bones, Barrels: Controlling Bodybuilder Husband Becomes Monster | Katie Baunach & Ian Baunach"
156,Twisted & Horrific: Held CAPTIVE & CHAINED | Timothy Haslett Jr Excelsior Spring Missouri
157,Serenity McKinney Update | The Truth About What Happened & The Untold Details
158,Michigan Family of 4 Missing | Called 911 Saying Risk of Being Wiped From Face of The Earth
159,Seduced By Her Foster Father To Commit Murder? The Case of Sabrina Zunich
160,Truly Disgusting. What Is Wrong With People?
161,The TORTURE and FOUL Acts By Two Men Who Locked Her Inside A Cage | Cassidy Rainwater Case
162,I‚Äôm ENRAGED! Quinton‚Äôs Mom and Grandma Ripping Shots At The Bar?! #quintonsimon
163,"#riverdale  actor plots to wipe out family, President & more. All while he recorded it on his GoPro."
164,Riverdale Actor Murders His Mom and Plotted Many More | Ryan Grantham
165,Lily Peters: 10 Year Old BRUTALLY Murdered By 14 Year Old Cousin | Carson Peters Berger
166,Mark Latunksi | A SAD!ST
167,Quinton Simon Update: Everything We Know So Far + Timeline
168,Quinton Simon: Today's Press Conference + Updates
169,Quinton Simon Allegedly In A Landfill! #shorts
170,The DEADLY Love Triangle Killer Claims She is Innocent! | Moriah Wilson & Kaitlin Armstrong
171,"What Really Happened To Quinton Simon? | Quinton Simon Missing, Billie Jo & Lelani Simon"
172,Unhinged & Barbaric: The HORRIFYING Story of The Taylor Parker Case in Texas | Reagan Hancock
173,EXPOSING the TRUTH about Tristyn Bailey: Aiden Fucci Planned This & His Mom Destroyed Evidence!
174,What REALLY Happened to Allie Rice | LSU Student Shot and KILLED in Baton Rouge?!
175,Megan Boswell Updates
176,Exposing The Evil Truth of The Megan Boswell Case: The Disturbing New Details
177,The TRUTH Behind This EVIL and SICK Monster | Tyler Hadley Case & Photos
178,Eliza Fletcher | The SHOCKING Cause of Death and Details Revealed
179,What Happened To Sean Daugherty?
180,Two Teens BRUTALLY Murdered | What Really Happened To Lyric Woods and Devin Clark?
181,This DOES NOT Add Up! Debbie Collier Murdered & Burned After Sending Daughter A Cryptic Venmo Memo
182,Jolissa Fuentes Missing | Vanished Without A Trace? | Everything We Know So Far
183,She Documented EVERYTHING! TikToker Hunted By Controlling Estranged Husband | Sania Khan Case
184,"üö®Giveaway time! iPhone 14 Pro Max.üö® More joy, less darkness. ‚ù§Ô∏è Details in description!"
185,Beyond TWISTED and BIZARRE! Stabbed herself 20 times AND in the back of her head? | Ellen Greenberg
186,"Only Fans Model Courtney Clenney Update | New Video, Photos, Audio, and Texts Deemed ADMISSIBLE!"
187,The TWISTED & BIZARRE case of Gabriel Davies | Teen Creates Missing Hoax But Really Is A Murderer?
188,"A Mistress, Millions and Murder | Death on Safari | Larry Rudolph and Bianca Rudolph"
189,"Eliza Fletcher | Timeline, Motive and Footage of Cleotha Abston"
190,Eliza Fletcher Body Found Near Kidnapper‚Äôs Brother‚Äôs House? Everything We Know So Far
191,Eliza Fletcher Update | Body Found? Family Connection? Everything We Know So Far
192,TERRIFYING Details of Eliza Fletcher Abducted While Jogging | What Really Happened?
193,The SHOCKING Murder That Was Solved By A FitBit | The Fitbit Murder
194,Dylan Rounds Update | New Details & Family Demands | James Brenner Search Warrant
195,The DISGUSTING Things They Did to Christy Giles & Marcela Arzola | David Pearce Brandt Osborn
196,Only Fans Star Courtney Clenney Charged With Boyfriend's Murder + Disturbing Details In Warrant
197,"Harmony Montgomery Murdered: Press Conference Today , Updates & Justice For This Little Girl"
198,"Alex Murdaugh Case | Murdaugh Family Murders. A Pattern of Greed, Deceit, Murder and Many Red Flags"
199,New HORRIFYING Details and Interview on Honeymoon Murder in Fiji | Christe Chen & Bradley Dawson
200,Turpin Siblings Sue Over Foster Family Abusing Them After Rescue | Turpin Family House of Horrors
201,Therapist Held Hostage for 15 Hours. The BRUTAL and DISGUSTING Details | Tzvi Allswang
202,What Really Happened On This Deadly Honeymoon in Fiji? | Christe Chen & Bradley Dawson
203,The DISGUSTING + CHILLING Things He Did To His Own Mom | Mary Beth Lopez  Logan Lopez Clearwater FL
204,DISTURBING Notes Written About CUTTING OFF Their Body Parts | Brittany and James Campbell Phrogging
205,"Summer Wells Case | Father Don Wells Writes Letter To ""Kidnapper"" That Doesn't Feel Right"
206,Full video is now on my channel. #ytshorts #ytshort #youtubeshorts #youtubeshort
207,A Truly SAVAGE Attack | Woman Wakes Up From Coma After 2 Years & Names Her Attacker | Wanda Palmer
208,Alexis Gabe Missing | The SHOCKING Turn Of Events! #shorts #ytshorts #youtubeshorts
209,Alexis Gabe Missing | FOUL PLAY by Ex- Boyfriend? And The SHOCKING Turn Of Events!
210,TikTok Stalker Killer: The Dark Side of Social Media Fame | Ava Majury & Eric Rohan Justin
211,TRAPPED Girl In His Home For Months. The BRUTAL and HORRIFIC Acts of Peter McGuire | Chino Hills CA
212,Couple ATTACKS Woman Then LOCKED Her In The Freezer | Sean Finnegan Rebecca Dishman Jennifer Paxton
213,Dylan Rounds Update | New Suspects & Details | James Brenner Official Suspect
214,The SICK and TWISTED Things She Forced Her Kids To Do To Her Boyfriend | Clare Nicholls England
215,Girl Dies From Lice | These MONSTERS Watched Her Slowly Die | Sandra and Elizabeth Kraykovich
216,Aidan Clune Missing | What REALLY Happened On That Mountain & Is He Connected With Dylan Rounds?
217,Kaitlin Armstrong CAUGHT & Had A New Face? But Were More Involved That Night? | Moriah Wilson
218,BREAKING! The Petitos and The Laundries Are Heading To Trial! | PLUS The Laundries Statement
219,Lily Peters Update | Family Defends 14 Yr Old Boy Who Killed & SA's His 10 Yr Old Cousin
220,"BREAKING! Brian Laundrie's Notebook RELEASED!! He Says He ""SAVED"" Gabby Petito?!"
221,Dylan Rounds Update | EVERYTHING We Know So Far & The Red Flags That Aren't Adding Up
222,Jason Karels | The TRUTH Behind This MONSTER Father Who Killed His 3 Young Kids | Debra Karels
223,"ACTIVE MANHUNT! Her JEALOUS Rage and Murders ""Other Woman"" | Moriah Wilson & Kaitlin Armstrong"
224,These SICKENING Parents Cared More About MONEY Than Their Kids!| Michael & Shirley Gray in Tennessee
225,GRUESOME Crime Scene Discovered After Hiker Mysteriously Vanishes | Ian Eckles & Jorge Alcantara
226,Harmony Montgomery UPDATE | Apartment Search Results | What Did They Find?
227,Escaped Inmate Kills Entire Family. BUT Could It Have Been Avoided? | Gonzalo Lopez
228,The TRUTH Behind These DISGUSTING Parents & How They Got Caught | Flaviane Carvalho
229,NEW DETAILS! The Delphi Murders | Who Really Murdered Abby and Libby?
230,Kamarie Holland | 5-Year-Old Killed During A Sleepover At Her Mom's House
231,UPDATE | Uvalde School Shooting  | New Horrifying Details | Salvador Ramos
232,An Update to My Community Post From Saturday
233,ANOTHER House of Horrors! | Locked Inside Bathroom While House is Set on Fire | Zowey Mccue
234,The Case of Sarah Boone | Tricked & Locked & Killed Her Boyfriend Inside A Suitcase
235,Starved Their 2-Year-Old Daughter to Death!  Regis Johnson & Arhonda Tillman
236,19 Children & 2 Adults Murdered in Elementary School Shooting in Uvalde Texas | Salvador Ramos
237,Hitman For Hire | The WILD & UNBELIEVABLE Case of Dalia Dippolito & Mike Dippolito
238,SHOCKING History! OnlyFans Star Courtney Tailor Who Stabbed BF Christain 'Toby' Obumseli
239,Chris Watts 2.0 Update | He Says It Was HER Fault! | Beau Rothwell and Jennifer Rothwell
240,Angela Flores | L.A Mother Kills Her Three Children on Mother's Day with Help From 16 Year Old Son
241,Feces EVERYWHERE & Cockroaches Under His Body. Son Locks His Dad In Room For Months! |Jonathan Woods
242,WARNING: Graphic New Details | Lily Peters Update
243,Possessive and Controlling at Just 16 Years Old. | Martice Fuller & Kaylie Juga
244,New Audio! Vicky & Casey White Standoff. Vicky White Dead. Casey White in Custody. Secret Pact?
245,Woman Literally Melted into Couch After Parents Neglected Her For Decades | Lacey Fletcher
246,Officer & Inmate Escape Prison Together | Vicky White and Casey White
247,Amber Heard Testifies and Recounts The First Time Johnny Depp *allegedly* Hit Her
248,Chris Watts 2.0? The Case of Beau Rothwell and Jennifer Rothwell
249,Caliyah Guyton Enid Oklahoma | The Horrifying & Brutal Murder of The 2 Year Old Girl
250,Stacy Feldman | Received Mysterious Phone Call and Was Found Dead in The Bathtub Hours Later
251,Lily Peters UPDATE! 14 Yr Old Cousin Murdered Her and Then SA'd Her. New Horrifying Details
252,UPDATE! Released?! Stabbed Their Best Friend 19 Times! Slenderman or Sociopath? | Slenderman Murders
253,"Lily Peters Missing 10-Year-Old in Chippewa Falls, WI | What Really Happened!?"
254,Sherri Papini UPDATE! | Admits To Faking Her Kidnapping & Torture  + She's Done This Before!
255,Orsolya Gaal Update| New Details & New Suspects| Woman Found in Duffle Bag in Queens NY
256,UPDATE! The Delphi Murders | Who Really Murdered Abby and Libby?
257,25 Year Old Dead After BF Gives Her Drugs & Injects Her While Sleeping |Sarah Harris & Dr.James Ryan
258,UPDATE! OnlyFans Star Courtney Tailor Drops BOMBSHELL after Stabbing Boyfriend Christain Obumseli
259,New Foster Family Arrested For Abusing The Turpin Siblings | Turpin Family House of Horrors
260,UPDATE! Courtney Tailor's Attorney Speaks Outs + New Details | OnlyFans Star Stabs Boyfriend
261,OnlyFans Star Courtney Tailor Stabs Boyfriend Christain Obumseli in Miami High Rise
262,Cassie Carli Update | The Court Documents & Pattern of Behavior
263,"Cassie Carli Update | Body Found, & Ex Arrested, What Really Happened?!"
264,Kadie Major Case | Killed With Daughter & Unborn Son | All Were Murdered By Doomsday Husband?
265,"Two Students Stalked & Murdered Their Teacher | Nohema Graber, Jeremy Goodale, Willard Miller"
266,Jason Landry Missing | Car Found In Ditch &  His Clothing On The Road | What Really Happened?
267,WARNING: Very Graphic!! | The Bonebreaker Killer | Joe Clark Wisconsin
268,Jaleayah Davis Decapitated & Left For Dead By Friends?
269,EXPOSING Nichol Kessinger | Chris Watts Mistress & All The Red Flags
270,Joleen Cummings Brutally Murdered & One Of The Craziest Cases I've Ever Heard
271,"Millionaire Goes on Killing Spree with Best Friend | Dellen Millard, Mark Smich"
272,9 Year Old Abducted & Tied to Bed For Weeks. But What Really Happened? | Shannon Matthews Case
273,Garlyn Grace | Starved & Tortured Her 6 Year Old Daughter for YEARS
274,Jessica Mast | 4 Year Old Girl Brutally Tortured & Killed During Exorcism by Parents in Missouri
275,"Brian Laundries' Parents | Florida Statute & What Happens Legally, Both Criminally & Civilly"
276,Brian Laundrie's Parents Got A Deal? | New Details & Lawsuit
277,Gabby Petito's Family Files Lawsuit Against Laundries. They Knew Brian Killed Gabby!
278,"Bondage, Held Captive, Covered in Coal | Madelyn Allen & Brent Brown"
279,UPDATE  | Jupiter Couple Locked Adopted Son Inside Room For 4 Years & Say They Had No Choice!
280,Taylor Schabusiness | Killed Her Boyfriend & Put His Head In A Bucket In His Mom's Basement
281,"4 Year Old Boy Found In Freezer| Mason Dominguez, Brandon Toseland & Dahsia Dominguez"
282,Orrin and Orson West | A Look Back At The Red Flags
283,Orrin and Orson West | Parents Plead Not Guilty to Murder + Who Else Was Involved?
284,Karla Homolka and Paul Bernardo | The Barbie and Ken Killers of Canada
285,Jordan Brown | 11-Year-Old Murdered His Pregnant Stepmom? An Evil Mastermind?
286,Cynthia Perkins & Dennis Perkins| Charged w/ 150 Sex Crimes | Gave Students Cupcakes w/ Man Juice
287,Midland Christian School Teachers Arrested | Failed To Protect Student For 8 Days!!
288,Ellen Greenberg Case | Staged Scene? Or Something Else? Way Too Many Red Flags!
289,Oakley Carlson Update: New Charges and Details
290,Serenity McKinney Body Found | Mother and Boyfriend Charged with Murder
291,Mary Collins Charlotte NC | Lured In By Friends and Brutally Betrayed
292,Missing Little Girl Found Alive Under Staircase | Paislee Shultis
293,Cory Bigsby | Codi Bigsby Missing Boy in Virginia
294,Disney World Trip Turns Deadly | Melissa Molinari
295,Jupiter Couple Locked Their Adopted Son Inside 8x8 Room For 4 Years & They're Saying Why
296,My Interview With Her Dad | Serenity McKinney Missing 4 Year Old Not seen In Over A Year
297,NEW UPDATES! Oakley Carlson | 5 Year Old girl Missing Last Seen Over 1 Year Ago
298,Lauren Agee | Killed By Friends On A Weekend Party Trip To The Lake?
299,"Lust, Money, Stalking & Obsession | Abigail Saldana & Stanley Szeliga"
300,Someone She Knew! The Very Brutal & Planned Murder of Lindsay Buziak
301,"Billionaire Boyfriend Turns Nightmare | The Tinder Swindler, Simon Leviev"
302,"Aiden Fucci Court Pre-Trial Hearing - New Evidence, New Look, New Attitude & We're Going To Trial!"
303,Texas Brothers & Friend Allegedly Beat Stepfather to Death for Touching Their 9-yr old Sister
304,TikTok Star Ali Abulaban Accused of Killing Wife - Has Outburst in Court
305,Megan Boswell Update: 15 month old Daughter Evelyn Boswell Found In Shed
306,Harmony Montgomery Update: Family Secrets? How Deep Does Family Loyalty Go?
307,"Lauren Smith-Fields: New Evidence, Botched Investigation, What Really Happened?!"
308,Harmony Montgomery Update: Kayla Montgomery Lied to Police About Last Harmony Sighting
309,"Harmony Montgomery Update: Did Kayla Help Clean Up? Plus, Adam's History of Escalation"
310,BREAKING NEWS! Brian Laundrie Confessed to Killing Gabby Petito in His Notebook
311,TikTok Murder | Ali Abulaban (aka JinnKid) Kills Wife In A Jealous Rage?
312,Chandler Halderson: A True American Psycho | Case Updates & Trial
313,"Harmony Montgomery Update | New Timeline, Press Conference & New Charges"
314,The Shopping Cart Killer | A True Serial Killer & How Many Women Were There?!
315,Matt Coleman | Santa Barbara Surfer Dad Who Killed His Two Kids in Mexico FINALLY SPEAKS!
316,Harmony Montgomery Update | Backyard Search Results | Did Kayla Make a Deal?
317,Harmony Montgomery Update | Mom Crystal Speaks Out & Shares What She Thinks Happened
318,Stepmom Kayla Montgomery's Story Completely Falls Apart | Harmony Montgomery Update
319,Harmony Montgomery UPDATE | Great Uncle Speaks Out In Bizarre Interview
320,BREAKING! Harmony Montgomery's Father Previously Shot Man In The Head & Has A Restraining Order!
321,Quick Update!
322,The Case of Breana Nix | A Tragic Accident OR Foul Play by Husband Steven Nix?
323,"Harmony Montgomery's Dad, Adam Montgomery Arrested | Missing for TWO YEARS?!"
324,CONFIRMED! Brian Laundrie Did Encounter Moab Couple Kylen and Crystal
325,Dad Drives His 15 Yr Old Son to Kill Four Teens at Gas Station in Garland Texas | Killer Walks Free?
326,What Is Happening With YouTube?! PLUS An Early Announcement
327,Gabriel Fernandez 2.0 | UPDATES in the case of Victoria Martens from New Mexico
328,The Gone Girl Case: Has Jennifer Dulos Finally Been Found?
329,This is EXACTLY why we need to stay aware!
330,Gabby Petito Peacock Documentary Reveals New Info. Did His Parents Know?!
331,UPDATE! Orrin and Orson West Update and Footage - Missing Boys from Cal City/Bakersfield
332,Important Information! Please Watch and Share
333,Did Brian Laundrie's Parents Help Him Run? The New Money Found vs. The Fraud Charges
334,Targeted & Brutally Attacked at 20 Years Old | Morgan Harrington & Hannah Graham
335,Cancun Vacation Turned Nightmare | Sativa Transue Killed & Boyfriend Taylor Allen Arrested
336,Lateche Norris Missing in San Diego. BF Joey Smith Not Talking & Has a Very Dark Past
337,NEW FOOTAGE & UPDATES | Turpin Family House of Horrors
338,Heidi Planck Missing in LA - Forensic Evidence found in LA Apt and Landfill Searched for Remains
339,New Affidavit in Chad Read and Kyle Carruth Shooting in Texas | WARN!NG: Sensitive Footage
340,BIZARRE New Details! Heidi Planck Missing Woman in LA | Updates &  New Court Documents
341,Heidi Planck UPDATE | Missing Woman in LA | NEW Surveillance Footage + Very Odd Circumstances
342,They Did What?! NO Remorse! Houston Abandoned Children | Gloria Williams & Brian Coulter
343,Aiden Fucci Hearing Today #shorts
344,BEYOND SICK. Houston House of Horrors. #shorts
345,CHARGED WITH THE DEATH! Three Children Found in Houston: Abandoned w/ Their Brother's Remains
346,"Three Children Found in Houston: Abandoned, Starving & Alongside Their Brother's Remains"
347,Was Brian Laundrie's Gun Found? Now Tied to Kylen and Crystal in MOAB?
348,Larry Millete INSANE Arrest Warrant Details.
349,Larry Millete ARRESTED for the murder of wife Maya Millete
350,LIVE Tom Sharkey Press Conference. New Details and Evidence
351,"Tom Sharkey, the husband of Alexis Sharkey found dead."
352,Are They Connected? Kylen Schulte & Crystal Turner linked to Gabby Petito & Brian Laundrie?
353,It‚Äôs Go Time!!! Let‚Äôs Have A Baby!!
354,Aiden Fucci Court Pre-Trial Hearing - Is He Going For An Insanity Plea?
355,"Aiden Fucci New Footage, Snapchats & Surveillance Video of His Mom Washing His Jeans"
356,Elizabeth Jasso | A Fake Pregnancy with Twin Boys after Husband Milko Jasso Died?
357,"Day 2 -  Barry Morphew Preliminary Hearing Updates Secret Bank Accounts, Dating Sites, and More"
358,Barry Morphew Preliminary Hearing Updates  PT. 2 | MOTIVE: The Texts & The Spy Pen Recordings
359,Barry Morphew Preliminary Hearing Live Updates PT. 1| Suzanne Morphew Case
360,Summer Wells Update: Candus and Hunter Interview Discrepancies and Red Flags
361,Aiden Fucci New Disturbing Evidence in Tristyn Bailey Case | His Girlfriend Speaks Out
362,Summer Wells Update: Summer's Mom Candus Bly Wells Gives Interview Plus More Red Flags
363,"Summer Wells Update: Live TBI Press Conference. No Search Warrants Executed & 3,000 Acres Searched"
364,Summer Wells Missing 5-year-old in Tennessee. Vanished Without A Trace. What Really Happened?
365,Tristyn Bailey Updates: Aiden Fucci's Mom Arrested For Washing His Bloody Clothes
366,Aiden Fucci Pleads Not Guilty in Tristyn Bailey Case. Preliminary Hearing Set for July 28th
367,"Aiden Fucci First Appearance in Court, No Bond, & Detailed Arrest Report in the Tristyn Bailey Case"
368,"Tristyn Bailey | Heartbreaking New Details, 114 Times, Premeditated & Aiden Fucci Charged As Adult"
369,üö®Liveüö®Lori Vallow/Chad Daybell Flowchart and Detailed Timeline + Case Updates
370,"Lori Vallow and Chad Daybell Charged with Murder of Tylee Ryan, JJ Vallow & Tammy Daybell"
371,*UPDATE* Aiden Fucci Court Today & Footage/Path Discussion in Tristyn Bailey & Aiden Fucci Case
372,*BREAKING* Barry Morphew NEW CHARGES! Tampering With A Body & Possession Of A Dangerous Weapon
373,*UPDATE* Tristyn Bailey & Aiden Fucci | 13-Year-Old Cheerleader Killed By 14-Year-Old
374,BREAKING Josh Duggar Granted Bail! Details of His DISGUSTING Charges! Some kids 18 Months Old!
375,BREAKING: Barry Morphew LIVE Press Conference Arrested & Charged with Murder in Suzanne Morphew case
376,"*CASE UPDATES* Birthday Livestream! Josh Duggar, Maya Millete, Orrin and Orson West and more!"
377,Man Uses The Dark Web To Hire A Hitman To Attack His Wife | Case of Dr. Ronald Craig Ilg
378,Kristin Smart BREAKING NEWS! Motive Released. Killed by Paul Flores & dad Ruben helped hide the body
379,"Case Updates *LIVE* Orrin and Orson West, Maya Millete, and More!"
380,"The Zion Society Cult:  The Abuse, Raid, & Takedown w/ Mike King who personally caught the cult"
381,UPDATE: Where is Maya Millete and Why Won't Her Husband Larry Millete Help The Police?
382,"UPDATE: Orrin & Orson West Missing. 20+ Search Warrants, Bakersfield PD Takes Lead, & Last Sightings"
383,Stalked By A Crazy Ex-Boyfriend: The case of Emma Walker and Riley Gaul
384,"Let's Talk: Case Round-Up, True Crime Jeopardy and Live Chat"
385,*LIVE* Discussion: BAD BEHAVIOR: Luis Krom and his pattern of alarming activity.
386,"Is she serious?! | Footage, Photos & Updates | Casey Anthony Updates"
387,STRANGLED?! Alexis Sharkey Cause of Death Revealed. Ruled a Homicide. Is Tom Sharkey to Blame?
388,The Reality of Being a New Mom: What Nobody Tells You & How Common PPD Really Is
389,Trezell West's friend SPEAKS OUT! Says he only has 4 kids! UPDATE: Orrin and Orson West Missing
390,**BREAKING NEWS**: Orrin and Orson West Update - ALLEGED SIGHTING AT ALBERTSONS ON DEC 23
391,"UPDATE: Orrin and Orson West Missing. The Timeline, Video Footage & The Parent's Discrepancies"
392,"UPDATE! Alexis Sharkey: Detailed Timeline, Screenshots & More!"
393,UPDATE! Alexis Sharkey: Tom Sharkey's history of humiliating women & mental health issues
394,"Alexis Sharkey UPDATE: A Secret BF? Drugs? Jealousy? New Info, Interviews, Updates, & Theories."
395,Alexis Sharkey: Husband Tom Sharkey's behavior & what really happened to the Instagram Influencer?
396,HOLIDAY GIVEAWAY: 10 Days of 10 to Life #giveaway #holidaygiftguide2020
397,Boyfriend Betrayal: The Barbaric Case of Jamarion Delancy #justiceforjamarion
398,*BRAND NEW* 10 to LIFE Promo Trailer
399,Mom & 7 Year Old Twins Murdered in Family Home?! The Case of Michele Boudreau Deegan #truecrimedaily
400,Scott Peterson BOMBSHELL! New trial and will he WALK FREE?! #scottpeterson #scottpetersonupdate
401,BRAND NEW UPDATES in the Reagan Hancock Case: AFFIDAVIT UNSEALED! #reaganhancock #taylorparker
402,Live Stream: Reagan Hancock and the truth about Taylor Parker
403,"Mass Murderer, Money & Massacre"
404,Unmasking a Monster | A Father's ULTIMATE betrayal
405,Suzanne Morphew Search Update: Scent of human remains found on her husband BARRY MORPHEW'S property!
406,VANISHED: Suzanne Morphew and Barry Morphew. Innocent husband or Scott Peterson 2.0?
407,"Baby Brianna Lopez | The heartless betrayal by her Mother, Father and Uncle."
408,Megan Boswell Update! Charged with daughter Evelyn Boswell's murder
409,"*LIVE* Case Discussion updates on Cannon Hinnant, Suzanne Morphew and Barry Morphew"
410,ABDUCTED or ASSAULTED: The case of Nakira Griner and Daniel Griner Jr.
411,*LIVE* Chad Daybell's Preliminary Hearing Biggest Moments
412,"*LIVE* Case Updates: Olivia Jansen, Vanessa Guillen & Megan Boswell (Casey Anthony 2.0)"
413,Child Trafficking: Family Child Sex-Ring and the disappearance of Brittney Wood *BONUS 20 TO LIFE*
414,"* BONUS 30 to LIFE! * NEW UPDATE! The case of Gannon Stauch and his horrific stepMONSTER, Letecia."
415,"LIVE Case Discussion: MURDERING YOUR BEST FRIEND! A case of JEALOUSY, BETRAYAL & DIABOLICAL BEHAVIOR"
416,"LIVE Fort Hood Case Discussion: Will the REAL Cecily Aguilar please stand up? PLUS, 25 prostitutes?!"
417,"LIVE DISCUSSION!! Epstein updates, The BFF Massacre details, Vanessa Guillen news, and more!"
418,ONLINE PREDATOR: The story of Patty Alatorre LIVE CASE DISCUSSION 7.20.20 6pm EST
419,Betrayed by Daddy: The abuse and murder of 3 year old Olivia Jansen **20 Min BONUS CASE**
420,Fahim Saleh: Murdered and Dismembered in his New York City Luxury Apartment
421,"Lori Vallow and Chad Daybell Update: Pleads Not Guilty, Suspect in ANOTHER murder, NEW details"
422,Vanessa Guillen UPDATE! LIVE Discussion 7.14. New info. Cecily appears in court. Trump mtg w/ family
423,OUTCRY! Greg Kelley: A 18 yr old football star convicted of child abuse who fought for his freedom
424,Naya Rivera: UPDATE Day 3 Missing
425,"House of Horrors: Chained, Shackled, and Starved  The Turpin Family Nightmare"
426,Vanessa Guillen UPDATE! Cecily was an INFORMANT! Is Teddy really involved? What's the cover up?!
427,Vanessa Guillen UPDATE! Bludgeoned to death in armory room by Aaron Robinson. Dismembered.
428,Vanessa Guillen UPDATE! Suspects Named and Dead near Fort Hood and Remains Found.
429,NEW CHARGES filed against Lori Vallow PLUS Chad Daybell's property searched again yesterday! Update!
430,The COVER UP at Fort Hood! WHERE IS VANESSA GUILLEN?
431,Will the real Casey Anthony please stand up?
432,The horrific life of Taylor Williams
433,Who is the REAL Chris Watts? **20 MIN BONUS EPISODE**
434,Welcome to 10 to LIFE!!
435,Honeymoon Killer: The Story of Gabe and Tina Watson
436,Chad Daybell and Lori Vallow Affidavit UNSEALED!
437,A Mother's Betrayal: Justice for Victoria Martens
438,Missing: Kyron Horman
439,Inside the twisted mind of Michael Jones Jr.
440,Jodi Arias: The ULTIMATE Stage-5 Clinger
441,UPDATE: Inside the twisted case of Lori Vallow and Chad Daybell
